<?xml version="1.0" encoding="UTF-8"?>
<config>
<process name="apply-schema-release" definition="src/aram-resource/flow/biz/apply-schema-release.xml">
<custom-handler class="src/aram-biz/model/flow/apply-schema-release/notify-approvers-custom-handler"></custom-handler>
<custom-handler class="src/aram-biz/model/flow/apply-schema-release/release-schema-custom-handler"></custom-handler>
<custom-handler class="src/aram-biz/model/flow/apply-schema-release/wait-approve-custom-handler"></custom-handler>
</process>
<process name="schema-release" definition="src/aram-resource/flow/biz/schema-release.xml">
<custom-handler class="src/aram-biz/model/flow/schema-release/create-order-custom-handler"></custom-handler>
<custom-handler class="src/aram-biz/model/flow/schema-release/release-schema-custom-handler"></custom-handler>
</process>
</config>