<?xml version="1.0" encoding="UTF-8"?>
<config>
  <service name="AdministratorService" clazz="AdministratorService" class="iris-biz/service/impl/administrator-service">
    <dao name="AdministratorDAO" clazz="AdministratorDAO" class="iris-base/dao/impl/administrator-dao" />
  </service>
  <service name="ContainerService" clazz="ContainerService" class="iris-biz/service/impl/container-service">
    <dao name="ContainerDAO" clazz="ContainerDAO" class="iris-base/dao/impl/container-dao" />
  </service>
  <service name="ContainerVersionService" clazz="ContainerVersionService" class="iris-biz/service/impl/container-version-service">
    <dao name="ContainerVersionDAO" clazz="ContainerVersionDAO" class="iris-base/dao/impl/container-version-dao" />
  </service>
  <service name="DraftService" clazz="DraftService" class="iris-biz/service/impl/draft-service">
    <dao name="DraftDAO" clazz="DraftDAO" class="iris-base/dao/impl/draft-dao" />
  </service>
  <service name="BaAuthService" clazz="BaAuthService" class="iris-biz/service/impl/ba-auth-service">
    <dao name="BaAuthDAO" clazz="BaAuthDAO" class="iris-base/dao/impl/ba-auth-dao" />
  </service>
  <service name="HtmlService" clazz="HtmlService" class="iris-biz/service/impl/html-service" />
  <service name="HtmlReleaseHistoryFlowService" clazz="HtmlReleaseHistoryFlowService" class="iris-biz/service/impl/html-release-history-flow-service">
    <dao name="HtmlReleaseHistoryFlowDAO" clazz="HtmlReleaseHistoryFlowDAO" class="iris-base/dao/impl/html-release-history-flow-dao" />
  </service>
  <service name="HtmlVersionService" clazz="HtmlVersionService" class="iris-biz/service/impl/html-version-service">
    <dao name="HtmlVersionDAO" clazz="HtmlVersionDAO" class="iris-base/dao/impl/html-version-dao" />
  </service>
  <service name="HtmlCanaryStrategyService" clazz="HtmlCanaryStrategyService" class="iris-biz/service/impl/html-canary-strategy-service">
    <dao name="HtmlCanaryStrategyDAO" clazz="HtmlCanaryStrategyDAO" class="iris-base/dao/impl/html-canary-strategy-dao" />
  </service>
  <service name="PageMemberService" clazz="PageMemberService" class="iris-biz/service/impl/page-member-service">
    <dao name="PageMemberDAO" clazz="PageMemberDAO" class="iris-base/dao/impl/page-member-dao" />
  </service>
  <service name="PageService" clazz="PageService" class="iris-biz/service/impl/page-service">
    <dao name="PageDAO" clazz="PageDAO" class="iris-base/dao/impl/page-dao" />
  </service>
  <service name="ProjectMemberService" clazz="ProjectMemberService" class="iris-biz/service/impl/project-member-service">
    <dao name="ProjectMemberDAO" clazz="ProjectMemberDAO" class="iris-base/dao/impl/project-member-dao" />
  </service>
  <service name="ProjectService" clazz="ProjectService" class="iris-biz/service/impl/project-service">
    <dao name="ProjectDAO" clazz="ProjectDAO" class="iris-base/dao/impl/project-dao" />
  </service>
  <service name="ProjectTagService" clazz="ProjectTagService" class="iris-biz/service/impl/project-tag-service">
    <dao name="ProjectTagDAO" clazz="ProjectTagDAO" class="iris-base/dao/impl/project-tag-dao" />
  </service>
  <service name="SceneService" clazz="SceneService" class="iris-biz/service/impl/scene-service">
    <dao name="SceneDAO" clazz="SceneDAO" class="iris-base/dao/impl/scene-dao" />
  </service>
  <service name="SceneTagService" clazz="SceneTagService" class="iris-biz/service/impl/scene-tag-service">
    <dao name="SceneTagDAO" clazz="SceneTagDAO" class="iris-base/dao/impl/scene-tag-dao" />
  </service>
  <service name="TagService" clazz="TagService" class="iris-biz/service/impl/tag-service">
    <dao name="TagDAO" clazz="TagDAO" class="iris-base/dao/impl/tag-dao" />
  </service>
  <service name="TaskService" clazz="TaskService" class="iris-biz/service/impl/task-service">
    <dao name="TaskDAO" clazz="TaskDAO" class="iris-base/dao/impl/task-dao" />
  </service>
  <service name="TaskPageService" clazz="TaskPageService" class="iris-biz/service/impl/task-page-service">
    <dao name="TaskPageDAO" clazz="TaskPageDAO" class="iris-base/dao/impl/task-page-dao" />
  </service>
  <service name="TaskRecordService" clazz="TaskRecordService" class="iris-biz/service/impl/task-record-service">
    <dao name="TaskRecordDAO" clazz="TaskRecordDAO" class="iris-base/dao/impl/task-record-dao" />
  </service>
</config>
