<?xml version="1.0" encoding="UTF-8" standalone="no"?>
<process displayName="申请配置发布" name="apply-schema-release">
<start displayName="start" name="start">
<transition name="start-transition" to="notify-approvers"/>
</start>
<task displayName="发起申请" name="notify-approvers" assignee="creator" performType="ANY">
<transition name="notify-approvers-transition-1" to="notify-approvers-custom-handler"/>
</task>
<custom displayName="发起申请" name="notify-approvers-custom-handler" scope="apply-schema-release" clazz="NotifyApproversCustomHandler">
<transition name="notify-approvers-transition-2" to="wait-approve"/>
</custom>
<task displayName="审核" name="wait-approve" autoExecute="N" performType="ANY" assignee="approvers">
<transition name="wait-approve-transition-1" to="wait-approve-custom-handler"/>
</task>
<custom displayName="审核" name="wait-approve-custom-handler" scope="apply-schema-release" clazz="WaitApproveCustomHandler">
<transition name="wait-approve-transition-2" to="release"/>
</custom>
<task displayName="发布配置" name="release" shadow="Y" performType="ANY">
<transition name="release-transition-1" to="release-custom-handler"/>
</task>
<custom displayName="发布配置" name="release-custom-handler" scope="apply-schema-release" clazz="ReleaseSchemaCustomHandler">
<transition name="release-transition-2" to="end"/>
</custom>
<end displayName="end" name="end"/>
</process>