<?xml version="1.0" encoding="UTF-8" standalone="no"?>
<process displayName="申请配置发布" name="apply-schema-release">
<start displayName="start" name="start">
<transition name="start-transition" to="notify-approvers"/>
</start>
<task displayName="通知审核人" name="notify-approvers" performType="ANY">
<transition name="notify-approvers-transition-1" to="notify-approvers-custom-handler"/>
</task>
<custom displayName="通知审核人" name="notify-approvers-custom-handler" clazz="AuditFlowNotifyApproversCustomHandler">
<transition name="notify-approvers-transition-2" to="wait-approve"/>
</custom>
<task displayName="等待审核结果" name="wait-approve" autoExecute="N" performType="ANY" assignee="approvers">
<transition name="wait-approve-transition-1" to="wait-approve-custom-handler"/>
</task>
<custom displayName="等待审核结果" name="wait-approve-custom-handler" clazz="AuditFlowWaitApproveCustomHandler">
<transition name="wait-approve-transition-2" to="schema-release-decision-handler"/>
</custom>
<decision displayName="发布决策" name="schema-release-decision-handler" handleClass="AuditFlowSchemaReleaseDecisionHandler">
<transition displayName="通过" name="decision-approved" to="release-passed"/>
<transition displayName="拒绝" name="decision-rejected" to="release-rejected"/>
</decision>
<task displayName="发布配置" name="release-passed" shadow="Y" performType="ANY">
<transition name="release-passed-transition-1" to="release-passed-custom"/>
</task>
<custom displayName="发布配置" name="release-passed-custom" clazz="AuditFlowSchemaReleaseCustomHandler">
<transition name="release-passed-transition-2" to="end"/>
</custom>
<task displayName="拒绝发布" name="release-rejected" performType="ANY">
<transition name="release-rejected-transition-1" to="release-rejected-custom"/>
</task>
<custom displayName="拒绝发布" name="release-rejected-custom" clazz="AuditFlowSchemaReleaseRejectCustomHandler">
<transition name="release-rejected-transition-2" to="end"/>
</custom>
<end displayName="end" name="end"/>
</process>