<?xml version="1.0" encoding="UTF-8" standalone="no"?>
<process displayName="配置发布" name="schema-release">
<start displayName="start" name="start">
<transition name="start-transition" to="create-order"/>
</start>
<task displayName="发起申请" name="create-order" assignee="creator" performType="ANY">
<transition name="create-order-transition-1" to="create-order-custom-handler"/>
</task>
<custom displayName="发起申请" name="create-order-custom-handler" scope="schema-release" clazz="CreateOrderCustomHandler">
<transition name="create-order-transition-2" to="release-schema"/>
</custom>
<task displayName="发布配置" name="release-schema" performType="ANY">
<transition name="release-schema-transition-1" to="release-schema-custom-handler"/>
</task>
<custom displayName="发布配置" name="release-schema-custom-handler" scope="schema-release" clazz="ReleaseSchemaCustomHandler">
<transition name="release-schema-transition-2" to="end"/>
</custom>
<end displayName="end" name="end"/>
</process>